,clip_score,identity_consistency,wer,cer
count,17.0,17.0,17.0,17.0
mean,27.56985294117647,0.0,0.5162926997424356,1.0
std,4.148710110683899,0.0,0.2388037787233968,0.0
min,22.609375,0.0,0.17647058823529413,1.0
25%,24.515625,0.0,0.3,1.0
50%,26.125,0.0,0.5,1.0
75%,30.15625,0.0,0.68,1.0
max,37.09375,0.0,1.0,1.0
