,clip_score,identity_consistency,wer,cer,word_count,token_precision,token_recall,token_f1,visual_precision,visual_recall,visual_f1
count,17.0,17.0,17.0,17.0,17.0,17.0,17.0,17.0,17.0,17.0,17.0
mean,24.094669117647058,39.7610294117647,0.04504221784407542,0.019688810876232657,12.470588235294118,0.9549529411764707,0.9549529411764707,0.9549529411764707,0.14103529411764704,0.3437,0.19349411764705882
std,4.483988681735491,43.60876329344202,0.07841469270452771,0.0366375968748507,7.442426075034467,0.0784164772038302,0.0784164772038302,0.0784164772038302,0.16405613727157722,0.34209039740980746,0.21383974569344047
min,20.078125,0.0,0.0,0.0,1.0,0.75,0.75,0.75,0.0,0.0,0.0
25%,22.03125,0.0,0.0,0.0,5.0,0.9545,0.9545,0.9545,0.0,0.0,0.0
50%,22.265625,0.0,0.0,0.0,15.0,1.0,1.0,1.0,0.0714,0.5,0.125
75%,24.328125,84.6875,0.045454545454545456,0.02197802197802198,17.0,1.0,1.0,1.0,0.2941,0.6667,0.4167
max,37.625,91.625,0.25,0.125,25.0,1.0,1.0,1.0,0.4583,0.8333,0.55
