,clip_score,identity_consistency,wer,cer,word_count,token_precision,token_recall,token_f1,visual_precision,visual_recall,visual_f1
count,17.0,17.0,17.0,17.0,17.0,17.0,17.0,17.0,17.0,17.0,17.0
mean,25.613970588235293,39.36029411764706,0.04504221784407542,0.019688810876232657,12.470588235294118,0.9549529411764707,0.9549529411764707,0.9549529411764707,0.14103529411764704,0.3437,0.19349411764705882
std,3.6636867007521787,43.0511342573641,0.07841469270452771,0.0366375968748507,7.442426075034467,0.0784164772038302,0.0784164772038302,0.0784164772038302,0.16405613727157722,0.34209039740980746,0.21383974569344047
min,20.296875,0.0,0.0,0.0,1.0,0.75,0.75,0.75,0.0,0.0,0.0
25%,23.9375,0.0,0.0,0.0,5.0,0.9545,0.9545,0.9545,0.0,0.0,0.0
50%,25.40625,0.0,0.0,0.0,15.0,1.0,1.0,1.0,0.0714,0.5,0.125
75%,25.984375,82.9375,0.045454545454545456,0.02197802197802198,17.0,1.0,1.0,1.0,0.2941,0.6667,0.4167
max,35.21875,86.4375,0.25,0.125,25.0,1.0,1.0,1.0,0.4583,0.8333,0.55
